{
    "name": "EF Core dev environment",
    "dockerComposeFile": "docker-compose.yml",
    "service": "devcontainer",
    "workspaceFolder": "/workspace",
    "customizations": {
        "vscode": {
            "extensions": [
                "ms-dotnettools.csdevkit",
                "EditorConfig.EditorConfig"
            ],
            "settings": {
                "dotnet.dotnetPath": "${containerWorkspaceFolder}/efcore/.dotnet"
            }
        }
    },
    "remoteEnv": {
        "PATH": "${containerWorkspaceFolder}/efcore/.dotnet:${containerEnv:PATH}"
    },
    "onCreateCommand": "${containerWorkspaceFolder}/efcore/restore.sh"
}