<?xml version="1.0" encoding="utf-8"?>
<Dependencies>
  <ProductDependencies>
    <Dependency Name="Microsoft.Extensions.Caching.Memory" Version="10.0.0-preview.4.25180.1">
      <Uri>https://github.com/dotnet/runtime</Uri>
      <Sha>7cc32192cbb4894bfebbb09a903215993207a3c0</Sha>
    </Dependency>
    <Dependency Name="Microsoft.Extensions.Configuration.EnvironmentVariables" Version="10.0.0-preview.4.25180.1">
      <Uri>https://github.com/dotnet/runtime</Uri>
      <Sha>7cc32192cbb4894bfebbb09a903215993207a3c0</Sha>
    </Dependency>
    <Dependency Name="Microsoft.Extensions.Configuration.Abstractions" Version="10.0.0-preview.4.25180.1">
      <Uri>https://github.com/dotnet/runtime</Uri>
      <Sha>7cc32192cbb4894bfebbb09a903215993207a3c0</Sha>
    </Dependency>
    <Dependency Name="Microsoft.Extensions.Configuration.Json" Version="10.0.0-preview.4.25180.1">
      <Uri>https://github.com/dotnet/runtime</Uri>
      <Sha>7cc32192cbb4894bfebbb09a903215993207a3c0</Sha>
    </Dependency>
    <Dependency Name="Microsoft.Extensions.Configuration" Version="10.0.0-preview.4.25180.1">
      <Uri>https://github.com/dotnet/runtime</Uri>
      <Sha>7cc32192cbb4894bfebbb09a903215993207a3c0</Sha>
    </Dependency>
    <Dependency Name="Microsoft.Extensions.DependencyInjection" Version="10.0.0-preview.4.25180.1">
      <Uri>https://github.com/dotnet/runtime</Uri>
      <Sha>7cc32192cbb4894bfebbb09a903215993207a3c0</Sha>
    </Dependency>
    <Dependency Name="Microsoft.Extensions.DependencyModel" Version="10.0.0-preview.4.25180.1">
      <Uri>https://github.com/dotnet/runtime</Uri>
      <Sha>7cc32192cbb4894bfebbb09a903215993207a3c0</Sha>
    </Dependency>
    <Dependency Name="Microsoft.Extensions.HostFactoryResolver.Sources" Version="10.0.0-preview.4.25180.1">
      <Uri>https://github.com/dotnet/runtime</Uri>
      <Sha>7cc32192cbb4894bfebbb09a903215993207a3c0</Sha>
    </Dependency>
    <Dependency Name="Microsoft.Extensions.Logging" Version="10.0.0-preview.4.25180.1">
      <Uri>https://github.com/dotnet/runtime</Uri>
      <Sha>7cc32192cbb4894bfebbb09a903215993207a3c0</Sha>
    </Dependency>
    <Dependency Name="Microsoft.NETCore.App.Ref" Version="10.0.0-preview.4.25180.1">
      <Uri>https://github.com/dotnet/runtime</Uri>
      <Sha>7cc32192cbb4894bfebbb09a903215993207a3c0</Sha>
    </Dependency>
    <!--
         Win-x64 is used here because we have picked an arbitrary runtime identifier to flow the version of the latest NETCore.App runtime.
         All Runtime.$rid packages should have the same version.
    -->
    <Dependency Name="Microsoft.NETCore.App.Runtime.win-x64" Version="10.0.0-preview.4.25180.1">
      <Uri>https://github.com/dotnet/runtime</Uri>
      <Sha>7cc32192cbb4894bfebbb09a903215993207a3c0</Sha>
    </Dependency>
    <Dependency Name="System.Text.Json" Version="10.0.0-preview.4.25180.1">
      <Uri>https://github.com/dotnet/runtime</Uri>
      <Sha>7cc32192cbb4894bfebbb09a903215993207a3c0</Sha>
    </Dependency>
    <Dependency Name="System.Text.Encodings.Web" Version="10.0.0-preview.4.25180.1">
      <Uri>https://github.com/dotnet/runtime</Uri>
      <Sha>7cc32192cbb4894bfebbb09a903215993207a3c0</Sha>
    </Dependency>
    <Dependency Name="System.Formats.Asn1" Version="10.0.0-preview.4.25180.1">
      <Uri>https://github.com/dotnet/runtime</Uri>
      <Sha>7cc32192cbb4894bfebbb09a903215993207a3c0</Sha>
    </Dependency>
    <Dependency Name="System.Runtime.Caching" Version="10.0.0-preview.4.25180.1">
      <Uri>https://github.com/dotnet/runtime</Uri>
      <Sha>7cc32192cbb4894bfebbb09a903215993207a3c0</Sha>
    </Dependency>
  </ProductDependencies>
  <ToolsetDependencies>
    <Dependency Name="Microsoft.DotNet.Arcade.Sdk" Version="10.0.0-beta.25178.2">
      <Uri>https://github.com/dotnet/arcade</Uri>
      <Sha>7d1967403f5b12406763c666f41e3358bb542ced</Sha>
    </Dependency>
    <Dependency Name="Microsoft.DotNet.Build.Tasks.Templating" Version="10.0.0-beta.25178.2">
      <Uri>https://github.com/dotnet/arcade</Uri>
      <Sha>7d1967403f5b12406763c666f41e3358bb542ced</Sha>
    </Dependency>
    <Dependency Name="Microsoft.DotNet.Helix.Sdk" Version="10.0.0-beta.25178.2">
      <Uri>https://github.com/dotnet/arcade</Uri>
      <Sha>7d1967403f5b12406763c666f41e3358bb542ced</Sha>
    </Dependency>
  </ToolsetDependencies>
</Dependencies>
